"wmi";"name";"id"
"LFV";"FAW-VOLKSWAGEN";1215
"1Z3";"MITSUBISHI";122
"1Z5";"MITSUBISHI";123
"1Z7";"MITSUBISHI";124
"LGB";"DONGFENG NISSAN";1216
"10T";"OSHKOSH";1
"11V";"OTTAWA";2
"137";"AM GENERAL, HUMMER";3
"145";"HYUNDAI";4
"15G";"GILLIG";5
"17N";"JOHN DEERE";6
"18X";"WRV";7
"19U";"ACURA";8
"1A4";"CHRYSLER";9
"1A8";"CHRYSLER";10
"1AC";"AMC";11
"1AM";"AMC";12
"ZPB";"LAMBORGHINI";1178
"1B4";"DODGE";14
"1B6";"DODGE";15
"Y6L";"LUAZ, LUTSK, UKRAINE";1179
"1B7";"DODGE";17
"1BA";"BLUE BIRD";18
"1BB";"BLUE BIRD";19
"1BD";"BLUE BIRD";20
"AAV";"VOLKSWAGEN";1180
"1C4";"CHRYSLER";22
"AHT";"TOYOTA";1181
"1C8";"CHRYSLER";24
"1C9";"CHANCE";25
"1CY";"CRANE CARRIER";26
"AFA";"FORD";1182
"1D4";"DODGE";28
"1D5";"DODGE";29
"1D7";"DODGE";30
"1D8";"DODGE";31
"1EC";"FLEETWOOD";32
"1F1";"FORD";33
"1F4";"FORD";34
"1F6";"FORD";35
"BF9";"KIBO MOTORCYCLES";1183
"CL9";"WALLYSCAR";1184
"JA";"ISUZU";1185
"JC1";"FIAT AUTOMOBILES/MAZDA";1186
"JF1-JF3";"SUBARU - FUJI HEAVY INDUSTRIES";1187
"1FE";"FORD";41
"1FF";"FORD";42
"JF4";"SAAB";1188
"JF5";"PONTIAC";1189
"JHL";"HONDA";1190
"JHM";"HONDA";1191
"JM0";"MAZDA FOR OCEANIA EXPORT";1192
"JM1";"MAZDA";1193
"JMB";"MITSUBISHI";1194
"JM6";"MAZDA";1195
"1G5";"GMC, PONTIAC";51
"JN";"NISSAN";1196
"JS";"SUZUKI";1197
"1GA";"CHEVROLET";54
"JT";"TOYOTA";1198
"JY";"YAMAHA";1199
"KL";"DAEWOO/GM KOREA";1200
"1GE";"CADILLAC";60
"1GF";"FLEXIBLE";61
"1GG";"ISUZU";62
"1GH";"GMC, OLDSMOBILE";63
"1GJ";"GMC";64
"1GK";"GMC";65
"KMH";"HYUNDAI";1201
"1GN";"CHEVROLET";67
"KN";"KIA";1202
"KPT";"SSANGYONG";1203
"1HF";"HONDA";70
"L2C";"CHERY JAGUAR LAND ROVER";1204
"1HS";"INTERNATIONAL";73
"1HT";"INTERNATIONAL";74
"1HV";"INTERNATIONAL";75
"L6T";"GEELY";1205
"1J6";"JEEP";77
"1J7";"JEEP";78
"1J8";"JEEP";79
"1JC";"AMC, JEEP";80
"1JD";"AMC";81
"1JE";"JEEP";82
"1JF";"JEEP";83
"1JH";"JEEP";84
"1JM";"JEEP";85
"1JT";"AMC, JEEP";86
"1L1";"LINCOLN";87
"1LN";"LINCOLN";88
"LA6";"KING LONG";1206
"LB3";"GEELY";1207
"LBE";"BEIJING HYUNDAI";1208
"1M8";"MCI";92
"1MB";"MERCEDES-BENZ";93
"LBV";"BMW BRILLIANCE";1209
"1N4";"NISSAN";96
"1N6";"DATSUN, NISSAN";97
"1N9";"NEOPLAN";98
"1NK";"KENWORTH";99
"1NP";"PETERBILT";100
"LC0";"BYD INDUSTRY";1210
"LDC";"DONGFENG PEUGEOT-CITROËN";1211
"1P4";"PLYMOUTH";103
"1P7";"PLYMOUTH";104
"1P9";"PANOZ";105
"1RF";"ROADMASTER";106
"1S9";"SALEEN";107
"177";"THOMAS";108
"1T8";"THOMAS";109
"1TU";"TMC";110
"1V1";"VOLKSWAGEN";111
"LE4";"BEIJING BENZ";1212
"1WA";"AUTOSTAR";113
"1WB";"AUTOSTAR";114
"1WU";"WHITE VOLVO";115
"1WV";"WINNEBAGO";116
"LFM";"FAW TOYOTA";1213
"1XM";"AMC";118
"LFP";"FAW CAR";1214
"1Y1";"CHEVROLET, GEO";120
"1ZW";"MERCURY";126
"2A3";"CHRYSLER";127
"LGJ";"DONGFENG FENGSHEN";1217
"2A8";"CHRYSLER";129
"2B1";"ORION";130
"LGW";"GREAT WALL (HAVEL)";1218
"2B4";"DODGE";132
"2B5";"DODGE";133
"2B6";"DODGE";134
"LGX";"BYD AUTO";1219
"2B8";"DODGE";136
"2BC";"AMC, JEEP";137
"2BD";"JEEP";138
"2BT";"JEEP";139
"2C1";"CHEVROLET, GEO";140
"LH1";"FAW HAIMA";1220
"2C4";"CHRYSLER";142
"2C7";"PONTIAC";143
"2C8";"CHRYSLER";144
"2CC";"AMC, EAGLE";145
"2CK";"GEO, PONTIAC";146
"2CH";"CHEVROLET";147
"2CM";"AMC";148
"LHG";"GUANGZHOU HONDA";1221
"LJ1";"JAC";1222
"2D4";"DODGE";151
"2D6";"DODGE";152
"2D7";"DODGE";153
"2D8";"DODGE";154
"2E3";"EAGLE";155
"LJD";"DONGFENG YUEDA KIA";1223
"LLV";"LIFAN";1224
"LMG";"GAC TRUMPCHI";1225
"2FD";"FORD";159
"2FF";"FORD";160
"LPA";"CHANGAN PSA (DS AUTOMOBILES)";1226
"LS5";"CHANGAN SUZUKI";1227
"LSFA";"SAIC MAXUS";1228
"LSG";"SAIC GENERAL MOTORS";1229
"2FW";"STERLING";165
"2G0";"GMC";167
"2G5";"GMC";172
"2G7";"PONTIAC";173
"2G8";"CHEVROLET";174
"2GA";"CHEVROLET";175
"2GB";"CHEVROLET";176
"2GC";"CHEVROLET";177
"2GD";"GMC";178
"2GJ";"GMC";179
"2GK";"GMC";180
"2GN";"CHEVROLET";181
"2GM";"PONTIAC";182
"2GT";"GMC";183
"2GY";"CADILLAC";184
"LSJ";"SAIC MG";1230
"LSV";"SAIC VOLKSWAGEN";1231
"LTV";"FAW TOYOTA (TIANJIN)";1232
"LVG";"GAC TOYOTA";1233
"2HN";"ACURA";190
"2HS";"INTERNATIONAL";191
"2HT";"INTERNATIONAL";192
"2J4";"JEEP";193
"2J6";"JEEP";194
"2J7";"JEEP";195
"2LM";"LINCOLN";196
"2M2";"MACK";197
"2ME";"MERCURY";198
"2MH";"MERCURY";199
"2MR";"MERCURY";200
"2NK";"KENWORTH";201
"2NP";"PETERBILT";202
"LVH";"DONGFENG HONDA";1234
"LVR";"CHANGAN MAZDA";1235
"2P4";"PLYMOUTH";205
"2P5";"PLYMOUTH";206
"2P9";"PREVOST";207
"2PC";"PREVOST";208
"2S2";"SUZUKI";209
"2S3";"SUZUKI";210
"2S4";"SUZUKI";211
"2T1";"TOYOTA";212
"2T2";"LEXUS";213
"2T3";"TOYOTA";214
"LVS";"CHANGAN FORD";1236
"LVV";"CHERY";1237
"LWV";"GAC FIAT";1238
"LZW";"SAIC GM WULING";1239
"LZY";"YUTONG";1240
"2XK";"KENWORTH";220
"2XM";"EAGLE";221
"2XP";"PETERBILT";222
"3A4";"CHRYSLER";223
"3A8";"CHRYSLER";224
"3AB";"DINA";225
"3AL";"FREIGHTLINER";226
"3B3";"DODGE";227
"3B4";"DODGE";228
"3B6";"DODGE";229
"3B7";"DODGE";230
"3BK";"KENWORTH";231
"3BP";"PETERBILT";232
"3C3";"CHRYSLER";233
"MNT";"NISSAN";1241
"3C8";"CHRYSLER";235
"3CA";"CHRYSLER";236
"3CE";"VOLVO";237
"3CZ";"HONDA";238
"MM0";"MAZDA";1242
"3D5";"DODGE";240
"3D6";"DODGE";241
"3D7";"DODGE";242
"MMB";"MITSUBISHI";1243
"3FB";"FORD";244
"3FC";"FORD";245
"3FD";"FORD";246
"MRH";"HONDA";1244
"3FF";"FORD";248
"3FR";"FORD";249
"3FT";"FORD";250
"3G1";"CHEVROLET";251
"3G2";"PONTIAC";252
"3G4";"BUICK";253
"3G5";"BUICK";254
"3G7";"PONTIAC";255
"3G8";"CHEVROLET";256
"3GA";"CHEVROLET";257
"3GB";"CHEVROLET";258
"3GC";"CHEVROLET";259
"3GD";"GMC";260
"3GE";"CHEVROLET";261
"3GG";"CADILLAC";262
"3GK";"GMC";263
"3GN";"CHEVROLET";264
"3GM";"PONTIAC";265
"3GT";"GMC";266
"3GY";"CADILLAC";267
"3H1";"HONDA";268
"3HA";"INTERNATIONAL";269
"3HS";"INTERNATIONAL";272
"3HT";"INTERNATIONAL";273
"3LN";"LINCOLN";274
"3MA";"MERCURY";275
"3ME";"MERCURY";276
"3N1";"NISSAN";277
"3N6";"NISSAN";278
"3N8";"NISSAN";279
"3NK";"KENWORTH";280
"3NM";"PETERBILT";281
"MS0";"KIA";1245
"3TM";"TOYOTA";283
"NMT";"TOYOTA";1246
"3WK";"KENWORTH";285
"45V";"UTILIMASTER";286
"46G";"GILLIG";287
"478";"HONDA";288
"49H";"STERLING";289
"4A3";"MITSUBISHI";290
"4A4";"MITSUBISHI";291
"4B3";"DODGE";292
"4C3";"CHRYSLER";293
"4CD";"OSHKOSH";294
"4DR";"GENESIS, INTERNATIONAL";295
"4E3";"EAGLE";296
"4F2";"MAZDA";297
"4F4";"MAZDA";298
"4G1";"CHEVROLET";299
"4G2";"PONTIAC";300
"4GB";"CHEVROLET";301
"4GD";"GMC";302
"4GT";"ISUZU, WHITEGMC";303
"4J4";"JEEP";304
"NM0";"FORD OTOSAN";1247
"4KB";"CHEVROLET";306
"4KD";"GMC";307
"4KL";"ISUZU";308
"4M2";"MERCURY";309
"4N1";"NISSAN";310
"4N2";"NISSAN";311
"4NU";"ISUZU";312
"4P3";"PLYMOUTH";313
"PL1";"PROTON";1248
"4S1";"ISUZU";315
"4S2";"ISUZU";316
"4S7";"SPARTAN";320
"4SL";"MAGNUM";321
"4T1";"TOYOTA";322
"4T3";"TOYOTA";323
"4TA";"TOYOTA";324
"PL8";"HYUNDAI INOKOM";1249
"PLP";"SUBARU";1250
"PMH";"HONDA";1251
"PML";"HICOM";1252
"PM1";"BMW";1253
"PM2";"PERODUA";1254
"PM9";"BUFORI";1255
"4VA";"VOLVO";332
"4VG";"VOLVO, WHITEGMC";333
"4VH";"VOLVO";334
"4VJ";"VOLVO";335
"4VK";"VOLVO";336
"PMK";"HONDA BOON SIEW";1256
"PMN";"MODENAS";1257
"PMV";"YAMAHA HONG LEONG";1258
"5AS";"GEM";340
"5B4";"WORKHORSE";341
"5CK";"WESTERN STAR TRUCKS";342
"5FP";"HONDA";344
"5FY";"NEW FLYER";345
"5GA";"BUICK";346
"5GR";"HUMMER";347
"5GT";"HUMMER";348
"5GZ";"SATURN";349
"5J8";"ACURA";351
"5KJ";"WESTERN STAR TRUCKS";352
"5KK";"WESTERN STAR TRUCKS";353
"5LM";"LINCOLN";354
"5LT";"LINCOLN";355
"PNA";"PEUGEOT";1260
"5N3";"INFINITI";357
"PNV";"VOLVO CARS";1261
"5PV";"HINO";360
"5SA";"SUZUKI";361
"5S3";"SAAB";362
"5SX";"AMERCIAN LEFRANCE";363
"5T4";"WORKHORSE";364
"5TB";"TOYOTA";365
"5TD";"TOYOTA";366
"5TE";"TOYOTA";367
"5TF";"TOYOTA";368
"5UM";"BMW";369
"5UX";"BMW";370
"5XY";"KIA";371
"5Y2";"PONTIAC";372
"5YM";"BMW";373
"5Z6";"SUZUKI";374
"PN1";"TOYOTA";1262
"PN8";"NISSAN";1263
"PP1";"MAZDA";1264
"PP3";"HYUNDAI";1265
"PPP";"SUZUKI";1266
"PR8";"FORD";1267
"SAB";"OPTARE";1268
"SAJ";"JAGUAR";1269
"6MP";"MERCURY";383
"SAL";"LAND ROVER";1270
"SAR";"ROVER";1271
"SAT";"TRIUMPH";1272
"SB1";"TOYOTA";1273
"SBM";"MCLAREN AUTOMOTIVE";1274
"SCC";"LOTUS CARS";1275
"SCF";"ASTON MARTIN LAGONDA LIMITED";1276
"SCE";"DELOREAN";1277
"SFD";"ALEXANDER DENNIS";1278
"SFE";"ALEXANDER DENNIS (NORTH AMERICA)";1279
"SHH";"HONDA";1280
"SHS";"HONDA";1281
"SJN";"NISSAN";1282
"SUD";"WIELTON";1283
"TCC";"MICRO COMPACT CAR";1284
"TEB";"JOHNSTON SWEEPER (BUCHER)";1285
"TMA";"HYUNDAI";1286
"TMB";"ŠKODA";1287
"TRU";"AUDI";1288
"TSM";"SUZUKI";1289
"U5Y";"KIA";1290
"UU";"DACIA";1291
"VA0";"ÖAF";1292
"VF1";"RENAULT";1293
"9DB";"MERCEDES-BENZ";409
"9DW";"VOLKSWAGEN";410
"VF2";"RENAULT";1294
"VF3";"PEUGEOT";1295
"VF4";"TALBOT";1296
"VF5";"IVECO UNIC SA";1297
"VF6";"RENAULT TRUCKS/VOLVO";1298
"VF7";"CITROËN";1299
"J81";"CHEVROLET,GEO";418
"J87";"ISUZU";419
"J8B";"CHEVROLET";420
"J8C";"CHEVROLET";421
"J8D";"GMC";422
"J8Y";"CHEVROLET";423
"J8Z";"CHEVROLET";424
"VF8";"MATRA/TALBOT/SIMCA";1300
"VF9";"BUGATTI";1301
"JA7";"MITSUBISHI";427
"JAA";"ISUZU";428
"JAB";"ISUZU";429
"JAC";"ISUZU";430
"JAE";"ACURA";431
"JAL";"ISUZU";432
"JB3";"DODGE";433
"JB4";"DODGE";434
"JB7";"DODGE";435
"JC2";"FORD";436
"JD1";"DAIHATSU";437
"JD2";"DAIHATSU";438
"JE3";"EAGLE";439
"JF1";"SUBARU";440
"JF2";"SUBARU";441
"JF3";"SUBARU";442
"JG1";"CHEVROLET, GEO";444
"JG7";"PONTIAC";445
"JGC";"CHEVROLET, GEO";446
"JH2";"HONDA";447
"JH3";"HONDA";448
"JH4";"ACURA";449
"JHB";"HINO";450
"JHK";"HONDA";451
"JJ3";"CHRYSLER";454
"VFE";"IVECOBUS";1302
"JL6";"MITSUBISHI";456
"JLS";"STERLING";457
"JK8";"SUZUKI";458
"JKS";"SUZUKI";459
"JM2";"MAZDA";461
"JM3";"MAZDA";462
"VNK";"TOYOTA";1303
"VR1";"DS AUTOMOBILES";1304
"JN1";"DATSUN, NISSAN";465
"JN3";"NISSAN";466
"JN4";"NISSAN";467
"JN6";"DATSUN, NISSAN";468
"JN8";"NISSAN";469
"JNA";"NISSAN";470
"JNK";"INFINITI";471
"JNR";"INFINITI";472
"JNX";"INFINITI";473
"JP3";"PLYMOUTH";474
"JP4";"PLYMOUTH";475
"JP7";"PLYMOUTH";476
"JR2X";"ISUZU";477
"JS1";"SUZUKI";478
"JS2";"SUZUKI";479
"JS3";"SUZUKI";480
"JS4";"SUZUKI";481
"JSA";"SUZUKI";482
"JSL";"SUZUKI";483
"JT2";"TOYOTA";484
"JT3";"TOYOTA";485
"JT4";"TOYOTA";486
"JT5";"TOYOTA";487
"JT6";"LEXUS";488
"JT8";"LEXUS";489
"JTD";"TOYOTA";490
"JTE";"TOYOTA";491
"JTH";"LEXUS";492
"JTJ";"LEXUS";493
"JTK";"SCION";494
"JTL";"SCION";495
"JTM";"TOYOTA";496
"JTN";"TOYOTA";497
"JW6";"MITSUBISHI";498
"JW7";"MITSUBISHI";499
"KL1";"CHEVROLET";500
"KL2";"PONTIAC";501
"KL5";"SUZUKI";502
"KL7";"ASUNA";503
"KLA";"DAEWOO";504
"VSS";"SEAT";1305
"KM4";"SUZUKI";506
"KM8";"HYUNDAI";507
"KMF";"HYUNDAI";508
"KNA";"KIA";510
"KNB";"KIA";511
"KNC";"KIA";512
"KND";"HYUNDAI, KIA";513
"KNJ";"FORD";514
"VS7";"CITROËN";1306
"KPH";"MITSUBISHI";517
"L56";"RENAULT SAMSUNG";519
"VV9";"TAURO SPORT AUTO";1307
"WAG";"NEOPLAN";1308
"LES";"ISUZU";522
"WAU";"AUDI";1309
"WAP";"ALPINA";1310
"LM1";"SUZUKI";525
"LM4";"SUZUKI";526
"LM5";"ISUZU";527
"LN1";"SUZUKI";528
"WBA";"BMW";1311
"WBS";"BMW M";1312
"WBX";"BMW";1313
"WDB";"MERCEDES-BENZ";1314
"WDC, WDD, WMX";"DAIMLERCHRYSLER AG/DAIMLER AG";1315
"WEB";"EVOBUS";1316
"WF0";"FORD OF EUROPE";1317
"WJM";"IVECO";1318
"WJR";"IRMSCHER";1319
"WKK";"KARL KÄSSBOHRER FAHRZEUGWERKE";1320
"WMA";"MAN";1321
"WME";"SMART";1322
"WMW";"MINI";1323
"WP0";"PORSCHE CAR";1324
"WP1";"PORSCHE SUV";1325
"WUA";"QUATTRO";1326
"WVG";"VOLKSWAGEN";1327
"WVW";"VOLKSWAGEN";1328
"ML3";"DODGE";547
"WV1";"VOLKSWAGEN COMMERCIAL VEHICLES";1329
"WV2";"VOLKSWAGEN COMMERCIAL VEHICLES";1330
"W09";"RUF AUTOMOBILE";1331
"W0L";"OPEL/VAUXHALL";1332
"W0SV";"OPEL SPECIAL VEHICLES";1333
"XLR";"DAF TRUCKS";1334
"XTA";"AVTOVAZ";1335
"XTB";"AZLK";1336
"YK1";"SAAB";1337
"YS2";"SCANIA, SÖDERTÄLJE";1338
"YS3";"SAAB";1339
"YS4";"SCANIA, KATRINEHOLM";1340
"YTN";"SAAB NEVS";1341
"YV1";"VOLVO CARS";1342
"YV2";"VOLVO TRUCKS";1343
"YV3";"VOLVO BUSES";1344
"YT9";"KOENIGSEGG AUTOMOTIVE AB";1345
"ZA9";"BUGATTI";1346
"ZAM";"MASERATI";1347
"ZAP";"PIAGGIO";1348
"ZAR";"ALFA ROMEO";1349
"ZCF";"IVECO";1350
"SA9";"MORGAN";570
"ZFA";"FIAT";1351
"ZFF";"FERRARI";1352
"ZGA";"IVECOBUS";1353
"SAX";"STERLING";575
"ZHW";"LAMBORGHINI";1354
"ZLA";"LANCIA";1355
"1B";"DODGE";1356
"1C";"CHRYSLER";1357
"1F";"FORD";1358
"1G";"GENERAL MOTORS";1359
"1G1";"CHEVROLET";1360
"1G3";"OLDSMOBILE";1361
"1G4";"BUICK";1362
"1G9";"GOOGLE";1363
"1GB";"CHEVROLET INCOMPLETE VEHICLES";1364
"SU9";"SOLARIS";587
"1GC";"CHEVROLET";1365
"1GD";"GMC INCOMPLETE VEHICLES";1366
"TK9";"SOR";590
"1GM";"PONTIAC";1367
"1HG";"HONDA";1368
"1J";"JEEP";1369
"1L";"LINCOLN";1370
"1M";"MERCURY";1371
"1MR";"CONTINENTAL";1372
"1N";"NISSAN";1373
"1VW";"VOLKSWAGEN";1374
"1YV";"MAZDA";1375
"1ZV";"FORD";1376
"2DG";"ONTARIO DRIVE & GEAR";1377
"2F";"FORD";1378
"2Gx";"GENERAL MOTORS";1379
"2G1";"CHEVROLET";1380
"2G2";"PONTIAC";1381
"2G9";"GNOME HOMES";1382
"2HG";"HONDA";1383
"2HH";"ACURA";1384
"2HJ";"HONDA";1385
"2HK";"HONDA";1386
"2HM";"HYUNDAI";1387
"2L9";"LES CONTENANTS DURABAC";1388
"2LN";"LINCOLN";1389
"2M";"MERCURY";1390
"2T";"TOYOTA";1391
"3F";"FORD";1392
"3G";"GENERAL MOTORS";1393
"VG6";"MACK";620
"3HG";"HONDA";1394
"3HM";"HONDA";1395
"3KP";"KIA";1396
"3N";"NISSAN";1397
"3VW";"VOLKSWAGEN";1398
"4F";"MAZDA";1399
"4J";"MERCEDES-BENZ";1400
"4M";"MERCURY";1401
"4S3";"SUBARU";1402
"4S4";"SUBARU";1403
"4S6";"HONDA";1404
"4T";"TOYOTA";1405
"VTM";"HONDA";633
"4US";"BMW";1406
"5FN";"HONDA";1407
"5J6";"HONDA";1408
"5L";"LINCOLN";1409
"5N1";"NISSAN";1410
"W06";"CADILLAC";639
"5NM";"HYUNDAI";1411
"5NP";"HYUNDAI";1412
"5T";"TOYOTA";1413
"WB1";"BMW";644
"5U";"BMW";1414
"5X";"HYUNDAI/KIA";1415
"WBY";"BMW";648
"WD0";"DODGE";649
"WD1";"DODGE";650
"WD2";"DODGE";651
"WD3";"MERCEDES-BENZ";652
"WD4";"MERCEDES-BENZ";653
"WD5";"DODGE";654
"WD8";"DODGE";655
"5YJ";"TESLA";1416
"55";"MERCEDES-BENZ";1417
"6F";"FORD";1418
"6G";"GENERAL MOTORS";1419
"WDP";"DODGE";660
"WDX";"DODGE";661
"WDY";"DODGE";662
"WDZ";"MERCEDES-BENZ";663
"6G1";"CHEVROLET";1420
"6G2";"PONTIAC";1421
"WF1";"MERKUR";666
"6H";"HOLDEN";1422
"6MM";"MITSUBISHI";1423
"6T1";"TOYOTA";1424
"6U9";"JAPANESE IMPORTS";1425
"7A1";"MITSUBISHI";1426
"7A3";"HONDA";1427
"7A4";"TOYOTA";1428
"7A5";"FORD";1429
"7A8";"NZ TRANSPORT AGENCY (PRE-2009)";1430
"7AT";"NZ TRANSPORT AGENCY (POST-2009)";1431
"8AP";"FIAT";1432
"8AF";"FORD";1433
"8AG";"GENERAL MOTORS";1434
"8AW";"VOLKSWAGEN";1435
"8AJ";"TOYOTA";1436
"XL9";"SPYKER";684
"8A1";"RENAULT";1437
"8AC";"MERCEDES BENZ";1438
"8BC";"CITROËN";1439
"8AD";"PEUGEOT";1440
"8C3";"HONDA";1441
"8AT";"IVECO";1442
"9BD";"FIAT AUTOMÓVEIS";1443
"9BG";"GENERAL MOTORS";1444
"9BW";"VOLKSWAGEN";1445
"YC1";"HONDA";699
"9BF";"FORD";1446
"YB3";"VOLVO";701
"93H";"HONDA";1447
"9BR";"TOYOTA";1448
"936";"PEUGEOT";1449
"935";"CITROËN";1450
"93Y";"RENAULT";1451
"93X";"SOUZA RAMOS - MITSUBISHI / SUZUKI";1452
"9BH";"HYUNDAI";1453
"95P";"CAOA / HYUNDAI";1454
"94D";"NISSAN";1455
"94N";"RWM BRAZIL";1456
"98R";"CHERY";1457
"988";"JEEP";1458
"YV5";"VOLVO";714
"98M";"BMW";1459
"9BM";"MERCEDES-BENZ";1460
"99A";"AUDI";1461
"99J";"JAGUAR LAND ROVER";1462
"9C2";"HONDA MOTORCYCLES";1463
"9C6";"YAMAHA";1464
"ZC2";"CHRYSLER";722
"9CD";"SUZUKI (MOTORCYCLES)";1465
"93W";"FIAT PROFESSIONAL";1466
"ZDC";"HONDA";725
"93Z";"IVECO";1467
"953";"VW TRUCKS / MAN";1468
"9BS";"SCANIA";1469
"9BV";"VOLVO TRUCKS";1470
"9FB";"RENAULT";1471
"9UJ";"CHERY";1472
"9UK";"LIFAN";1473
"9UW";"KIA";1474
"AC5";"HYUNDAI SOUTH AFRICA";743
"ADD";"HYUNDAI SOUTH AFRICA";744
"JA3";"MITSUBISHI";747
"JA4";"MITSUBISHI";748
"JD";"DAIHATSU";750
"JF";"FUJI HEAVY INDUSTRIES (SUBARU)";751
"JH";"HONDA";752
"JK";"KAWASAKI (MOTORCYCLES)";753
"JL5";"MITSUBISHI FUSO";754
"JMY";"MITSUBISHI MOTORS";756
"JMZ";"MAZDA";757
"KM";"HYUNDAI";763
"KMY";"DAELIM (MOTORCYCLES)";764
"KM1";"HYOSUNG (MOTORCYCLES)";765
"KNM";"RENAULT SAMSUNG";767
"KPA";"SSANGYONG";768
"LAN";"CHANGZHOU YAMASAKI MOTORCYCLE";770
"LBB";"ZHEJIANG QIANJIANG MOTORCYCLE (KEEWAY/GENERIC)";771
"LBM";"ZONGSHEN PIAGGIO";773
"LBP";"CHONGQING JAINSHE YAMAHA (MOTORCYCLES)";774
"LB2";"GEELY MOTORCYCLES";775
"LCE";"HANGZHOU CHUNFENG MOTORCYCLES (CFMOTO)";776
"LDD";"DANDONG HUANGHAI AUTOMOBILE";778
"LDN";"SOUEAST MOTOR";779
"LDY";"ZHONGTONG COACH";780
"LET";"JIANGLING-ISUZU MOTORS";781
"LFB";"FAW";783
"LFG";"TAIZHOU CHUANL MOTORCYCLE MANUFACTURING";784
"LFT";"FAW";786
"LFW";"FAW JIEFANG";788
"LFY";"CHANGSHU LIGHT MOTORCYCLE FACTORY";789
"LGH";"QOROS (FORMERLY DONG FENG (DFM))";791
"LHB";"BEIJING AUTOMOTIVE INDUSTRY HOLDING";793
"LJC";"JAC";795
"LKL";"SUZHOU KING LONG";797
"LL6";"HUNAN CHANGFENG MANUFACTURE JOINT-STOCK";798
"LL8";"LINHAI (ATV)";799
"LMC";"SUZUKI HONG KONG (MOTORCYCLES)";800
"LPR";"YAMAHA HONG KONG (MOTORCYCLES)";801
"LSY";"BRILLIANCE ZHONGHUA";805
"LUC";"GUANGQI HONDA";807
"LVZ";"DONG FENG SOKON MOTOR COMPANY (DFSK)";810
"LZM";"MAN CHINA";811
"LZE";"ISUZU GUANGZHOU";812
"LZG";"SHAANXI AUTOMOBILE GROUP";813
"LZP";"ZHONGSHAN GUOCHI MOTORCYCLE (BAOTIAN)";814
"LZZ";"CHONGQING SHUANGZING MECH & ELEC (HOWO)";816
"L4B";"XINGYUE GROUP (MOTORCYCLES)";817
"L5C";"KANGDI (ATV)";818
"L5K";"ZHEJIANG YONGKANG EASY VEHICLE";819
"L5N";"ZHEJIANG TAOTAO";820
"L5Y";"MERATO MOTORCYCLE TAIZHOU ZHONGNENG";821
"L85";"ZHEJIANG YONGKANG HUABAO ELECTRIC APPLIANCE";822
"L8X";"ZHEJIANG SUMMIT HUAWIN MOTORCYCLE";823
"MAB";"MAHINDRA & MAHINDRA";824
"MAC";"MAHINDRA & MAHINDRA";825
"MAJ";"FORD INDIA";826
"MAK";"HONDA SIEL CARS INDIA";827
"MAL";"HYUNDAI";828
"MAT";"TATA MOTORS";829
"MA1";"MAHINDRA & MAHINDRA";830
"MA3";"SUZUKI INDIA (MARUTI)";831
"MA6";"GM INDIA";832
"MA7";"MITSUBISHI INDIA (FORMERLY HONDA)";833
"MBH";"SUZUKI INDIA (MARUTI)";834
"MBJ";"TOYOTA INDIA";835
"MBR";"MERCEDES-BENZ INDIA";836
"MB1";"ASHOK LEYLAND";837
"MCA";"FIAT INDIA";838
"MCB";"GM INDIA";839
"MC2";"VOLVO EICHER COMMERCIAL VEHICLES LIMITED.";840
"MDH";"NISSAN INDIA";841
"MD2";"BAJAJ AUTO";842
"MEE";"RENAULT INDIA";843
"MEX";"VOLKSWAGEN INDIA";844
"MHF";"TOYOTA INDONESIA";845
"MHR";"HONDA INDONESIA";846
"MLC";"SUZUKI THAILAND";847
"MLH";"HONDA THAILAND";848
"MMC";"MITSUBISHI THAILAND";850
"MMM";"CHEVROLET THAILAND";851
"MMT";"MITSUBISHI THAILAND";852
"MM8";"MAZDA THAILAND";853
"MNB";"FORD THAILAND";854
"MPA";"ISUZU THAILAND";856
"MP1";"ISUZU THAILAND";857
"MR0";"TOYOTA THAILAND";859
"NLA";"HONDA TÜRKIYE";860
"NLE";"MERCEDES-BENZ TÜRK TRUCK";861
"NLH";"HYUNDAI ASSAN";862
"NM4";"TOFAŞ TÜRK";864
"PE1";"FORD PHILLIPINES";866
"PE3";"MAZDA PHILLIPINES";867
"RFB";"KYMCO";870
"RFG";"SANYANG SYM";871
"RFL";"ADLY";872
"RFT";"CPI";873
"RF3";"AEON MOTOR";874
"SCA";"ROLLS ROYCE";880
"SCB";"BENTLEY";881
"SDB";"PEUGEOT UK (FORMERLY TALBOT)";885
"SED";"GENERAL MOTORS LUTON PLANT";886
"SEY";"LDV";887
"SFA";"FORD UK";888
"SKF";"VAUXHALL";893
"SLP";"JCB RESEARCH UK";894
"SMT";"TRIUMPH MOTORCYCLES";895
"SUF";"FIAT AUTO POLAND";896
"SUL";"FSC (POLAND)";897
"SUP";"FSO-DAEWOO (POLAND)";898
"SUU";"SOLARIS BUS & COACH (POLAND)";899
"TDM";"QUANTYA SWISS ELECTRIC MOVEMENT (SWITZERLAND)";901
"TMK";"KAROSA (CZECH REPUBLIC)";904
"TMP";"ŠKODA TROLLEYBUSES (CZECH REPUBLIC)";905
"TMT";"TATRA (CZECH REPUBLIC)";906
"TM9";"ŠKODA TROLLEYBUSES (CZECH REPUBLIC)";907
"TNE";"TAZ";908
"TN9";"KAROSA (CZECH REPUBLIC)";909
"TRA";"IKARUS BUS";910
"TSE";"IKARUS EGYEDI AUTOBUSZGYAR";912
"TW1";"TOYOTA CAETANO PORTUGAL";914
"TYA";"MITSUBISHI TRUCKS PORTUGAL";915
"TYB";"MITSUBISHI TRUCKS PORTUGAL";916
"UU1";"RENAULT DACIA";917
"UU3";"ARO";918
"UU6";"DAEWOO ROMANIA";919
"U6Y";"KIA MOTORS SLOVAKIA";921
"VAG";"MAGNA STEYR PUCH";922
"VAN";"MAN AUSTRIA";923
"VBK";"KTM (MOTORCYCLES)";924
"VG5";"MBK (MOTORCYCLES)";932
"VLU";"SCANIA FRANCE";933
"VN1";"SOVAB (FRANCE)";934
"VNE";"IRISBUS (FRANCE)";935
"VNV";"RENAULT-NISSAN";937
"VSA";"MERCEDES-BENZ SPAIN";938
"VSE";"SUZUKI SPAIN (SANTANA MOTORS)";939
"VSK";"NISSAN SPAIN";940
"VSX";"OPEL SPAIN";942
"VS6";"FORD SPAIN";943
"VS9";"CARROCERIAS AYATS (SPAIN)";945
"VTH";"DERBI (MOTORCYCLES)";946
"VTT";"SUZUKI SPAIN (MOTORCYCLES)";947
"VWA";"NISSAN SPAIN";949
"VWV";"VOLKSWAGEN SPAIN";950
"VX1";"ZASTAVA / YUGO SERBIA";951
"WA1";"AUDI SUV";954
"WDA";"DAIMLER";957
"WDC";"DAIMLERCHRYSLER";959
"WDD";"MERCEDES-BENZ";960
"WDF";"MERCEDES-BENZ (COMMERCIAL VEHICLES)";961
"WMX";"MERCEDES-AMG";968
"WV3";"VOLKSWAGEN TRUCKS";977
"XLB";"VOLVO (NEDCAR)";978
"XLE";"SCANIA NETHERLANDS";979
"XMC";"MITSUBISHI (NEDCAR)";981
"XTT";"UAZ/SOLLERS (RUSSIA)";983
"XUF";"GENERAL MOTORS RUSSIA";984
"XUU";"AVTOTOR (RUSSIA";985
"XW8";"VOLKSWAGEN GROUP RUSSIA";986
"XWB";"UZ-DAEWOO (UZBEKISTAN)";987
"XWE";"AVTOTOR (RUSSIA";988
"X4X";"AVTOTOR (RUSSIA";989
"X7L";"RENAULT AVTOFRAMOS (RUSSIA)";990
"X7M";"HYUNDAI TAGAZ (RUSSIA)";991
"YBW";"VOLKSWAGEN BELGIUM";992
"YCM";"MAZDA BELGIUM";993
"YE2";"VAN HOOL (BUSES)";994
"YU7";"HUSABERG (MOTORCYCLES)";1000
"YV4";"VOLVO CARS";1002
"Y6D";"ZAPOROZHETS/AVTOZAZ (UKRAINE)";1005
"ZAA";"AUTOBIANCHI";1006
"ZBN";"BENELLI";1010
"ZCG";"CAGIVA SPA / MV AGUSTA";1011
"ZDM";"DUCATI MOTOR HOLDINGS SPA";1013
"ZDF";"FERRARI DINO";1014
"ZD0";"YAMAHA ITALY";1015
"ZD3";"BETA MOTOR";1016
"ZD4";"APRILIA";1017
"ZFC";"FIAT V.I.";1019
"ZGU";"MOTO GUZZI";1021
"ZJM";"MALAGUTI";1023
"ZJN";"INNOCENTI";1024
"ZKH";"HUSQVARNA MOTORCYCLES ITALY";1025
"ZOM";"OM";1027
"Z8M";"MARUSSIA (RUSSIA)";1028
"1B3";"DODGE";1029
"1C3";"CHRYSLER";1030
"1C6";"CHRYSLER";1031
"1D3";"DODGE";1032
"1FA";"FORD MOTOR COMPANY";1033
"1FB";"FORD MOTOR COMPANY";1034
"1FC";"FORD MOTOR COMPANY";1035
"1FD";"FORD MOTOR COMPANY";1036
"1FM";"FORD MOTOR COMPANY";1037
"1FT";"FORD MOTOR COMPANY";1038
"1FU";"FREIGHTLINER";1039
"1FV";"FREIGHTLINER";1040
"1F9";"FWD CORP.";1041
"1GT";"GMC TRUCK USA";1044
"1G2";"PONTIAC USA";1046
"1G6";"CADILLAC USA";1049
"1G8";"SATURN USA";1050
"1GY";"CADILLAC USA";1052
"1H";" HONDA USA";1053
"1HD";"HARLEY-DAVIDSON";1054
"1J4";"JEEP";1055
"1ME";"MERCURY USA";1057
"1M1";"MACK TRUCK USA";1058
"1M2";"MACK TRUCK USA";1059
"1M3";"MACK TRUCK USA";1060
"1M4";"MACK TRUCK USA";1061
"1M9";"MYNATT TRUCK & EQUIPMENT";1062
"1NX";"NUMMI USA";1064
"1P3";"PLYMOUTH USA";1065
"1R9";"ROADRUNNER HAY SQUEEZE USA";1066
"1XK";"KENWORTH USA";1068
"1XP";"PETERBILT USA";1069
"2A4";"CHRYSLER CANADA";1072
"2B3";"DODGE CANADA";1073
"2B7";"DODGE CANADA";1074
"2C3";"CHRYSLER CANADA";1075
"2CN";"CAMI";1076
"2D3";"DODGE CANADA";1077
"2FA";"FORD MOTOR COMPANY CANADA";1078
"2FB";"FORD MOTOR COMPANY CANADA";1079
"2FC";"FORD MOTOR COMPANY CANADA";1080
"2FM";"FORD MOTOR COMPANY CANADA";1081
"2FT";"FORD MOTOR COMPANY CANADA";1082
"2FU";"FREIGHTLINER";1083
"2FV";"FREIGHTLINER";1084
"2FZ";"STERLING";1085
"2G";"GENERAL MOTORS CANADA";1086
"2G3";"OLDSMOBILE CANADA";1089
"2G4";"BUICK CANADA";1090
"2NV";"NOVA BUS CANADA";1096
"2P3";"PLYMOUTH CANADA";1097
"2V4";"VOLKSWAGEN CANADA";1099
"2V8";"VOLKSWAGEN CANADA";1100
"2WK";"WESTERN STAR";1101
"2WL";"WESTERN STAR";1102
"2WM";"WESTERN STAR";1103
"3C4";"CHRYSLER MEXICO";1104
"3D3";"DODGE MEXICO";1105
"3FA";"FORD MOTOR COMPANY MEXICO";1106
"3FE";"FORD MOTOR COMPANY MEXICO";1107
"3H";"HONDA MEXICO";1109
"3JB";"BRP MEXICO (ALL-TERRAIN VEHICLES)";1110
"3MZ";"MAZDA MEXICO";1111
"3P3";"PLYMOUTH MEXICO";1113
"4JG";"MERCEDES-BENZ USA";1116
"4RK";"NOVA BUS USA";1118
"4S";"SUBARU-ISUZU AUTOMOTIVE";1119
"4T9";"LUMEN MOTORS (ZERO-EMISSION MID-ENGINED CAR)";1121
"4UF";"ARCTIC CAT INC.";1122
"4UZ";"FRT-THOMAS BUS";1124
"4V1";"VOLVO";1125
"4V2";"VOLVO";1126
"4V3";"VOLVO";1127
"4V4";"VOLVO";1128
"4V5";"VOLVO";1129
"4V6";"VOLVO";1130
"4VL";"VOLVO";1131
"4VM";"VOLVO";1132
"4VZ";"VOLVO";1133
"538";"ZERO MOTORCYCLES (USA)";1134
"5F";"HONDA USA-ALABAMA";1135
"6AB";"MAN AUSTRALIA";1141
"6F4";"NISSAN MOTOR COMPANY AUSTRALIA";1142
"6F5";"KENWORTH AUSTRALIA";1143
"6FP";"FORD MOTOR COMPANY AUSTRALIA";1144
"6H8";"GENERAL MOTORS-HOLDEN (PRE NOV 2002)";1147
"8AK";"SUZUKI ARGENTINA";1155
"8GD";"PEUGEOT CHILE";1159
"8GG";"CHEVROLET CHILE";1160
"93R";"TOYOTA BRAZIL";1164
"93U";"AUDI BRAZIL";1165
"93V";"AUDI BRAZIL";1166
